1.9685356213220186,-0.02081134284729808,-1.5157060955084185,0,0,0,27819
1.9685356213220186,-0.02081134284729808,-1.5157060955084185,0,0,0,28421
1.9685356213220186,-0.02081134284729808,-1.5157060955084185,0,0,0,28421
1.9685356213220186,-0.02081134284729808,-1.5157060955084185,0,0,0,28422
1.9685356213220186,-0.02081134284729808,-1.5157060955084185,0,0,0,28424
1.9685356213220186,-0.02081134284729808,-1.5157060955084185,0,0,0,28427
1.9685356213220186,-0.02081134284729808,-1.5157060955084185,0,0,0,28428
1.9685356213220186,-0.02081134284729808,-1.5157060955084185,0,0,0,28428
1.9685356213220186,-0.02081134284729808,-1.5157060955084185,0,0,0,28430
1.9685356213220186,-0.02081134284729808,-1.5157060955084185,0,0,0,28432
1.9685356213220186,-0.02081134284729808,-1.5157060955084185,0,0,0,28435
1.9685356213220186,-0.02081134284729808,-1.5157060955084185,0,0,0,28435
1.9685356213220186,-0.02081134284729808,-1.5157060955084185,0,0,0,28436
1.9685356213220186,-0.02081134284729808,-1.5157060955084185,0,0,0,28439
1.9685356213220186,-0.02081134284729808,-1.5157060955084185,0,0,0,28440
1.9685356213220186,-0.02081134284729808,-1.5157060955084185,0,0,0,28440
1.9685356213220186,-0.02081134284729808,-1.5157060955084185,0,0,0,28443
1.9685356213220186,-0.02081134284729808,-1.5157060955084185,0,0,0,28444
1.9685356213220186,-0.02081134284729808,-1.5157060955084185,0,0,0,28447
1.9685356213220186,-0.02081134284729808,-1.5157060955084185,0,0,0,28448
1.9685356213220186,-0.02081134284729808,-1.5157060955084185,0,0,0,28448
1.9685356213220186,-0.02081134284729808,-1.5157060955084185,0,0,0,28450
1.9685356213220186,-0.02081134284729808,-1.5157060955084185,0,0,0,28452
1.9685356213220186,-0.02081134284729808,-1.5157060955084185,0,0,0,28454
1.9685356213220186,-0.02081134284729808,-1.5157060955084185,0,0,0,28456
1.9685356213220186,-0.02081134284729808,-1.5157060955084185,0,0,0,28456
1.9685356213220186,-0.02081134284729808,-1.5157060955084185,0,0,0,28459
1.9685356213220186,-0.02081134284729808,-1.5157060955084185,0,0,0,28461
1.9685356213220186,-0.02081134284729808,-1.5157060955084185,0,0,0,28463
1.9685356213220186,-0.02081134284729808,-1.5157060955084185,0,0,0,28463
1.9685356213220186,-0.02081134284729808,-1.5157060955084185,0,0,0,28464
1.9685356213220186,-0.02081134284729808,-1.5157060955084185,0,0,0,28466
1.9685356213220186,-0.02081134284729808,-1.5157060955084185,0,0,0,28466
1.9685356213220186,-0.02081134284729808,-1.5157060955084185,0,0,0,28468
1.9685356213220186,-0.02081134284729808,-1.5157060955084185,0,0,0,28470
1.9685356213220186,-0.02081134284729808,-1.5157060955084185,0,0,0,28472
1.9685356213220186,-0.02081134284729808,-1.5157060955084185,0,0,0,28474
1.9685356213220186,-0.02081134284729808,-1.5157060955084185,0,0,0,28474
1.9685356213220186,-0.02081134284729808,-1.5157060955084185,0,0,0,28476
1.9685356213220186,-0.02081134284729808,-1.5157060955084185,0,0,0,28479
1.9685356213220186,-0.02081134284729808,-1.5157060955084185,0,0,0,28481
1.9685356213220186,-0.02081134284729808,-1.5157060955084185,0,0,0,28481
1.9685356213220186,-0.02081134284729808,-1.5157060955084185,0,0,0,28482
1.9685356213220186,-0.02081134284729808,-1.5157060955084185,0,0,0,28485
1.9685356213220186,-0.02081134284729808,-1.5157060955084185,0,0,0,28486
1.9685356213220186,-0.02081134284729808,-1.5157060955084185,0,0,0,28489
1.9685356213220186,-0.02081134284729808,-1.5157060955084185,0,0,0,28489
1.9685356213220186,-0.02081134284729808,-1.5157060955084185,0,0,0,28490
1.9685356213220186,-0.02081134284729808,-1.5157060955084185,0,0,0,28492
1.9685356213220186,-0.02081134284729808,-1.5157060955084185,0,0,0,28495
1.9685356213220186,-0.02081134284729808,-1.5157060955084185,0,0,0,28496
1.9685356213220186,-0.02081134284729808,-1.5157060955084185,0,0,0,28496
1.9685356213220186,-0.02081134284729808,-1.5157060955084185,0,0,0,28498
1.9685356213220186,-0.02081134284729808,-1.5157060955084185,0,0,0,28500
1.9685356213220186,-0.02081134284729808,-1.5157060955084185,0,0,0,28502
1.9685356213220186,-0.02081134284729808,-1.5157060955084185,0,0,0,28504
1.9685356213220186,-0.02081134284729808,-1.5157060955084185,0,0,0,28504
1.9685356213220186,-0.02081134284729808,-1.5157060955084185,0,0,0,28506
1.9685356213220186,-0.02081134284729808,-1.5157060955084185,0,0,0,28508
1.9685356213220186,-0.02081134284729808,-1.5157060955084185,0,0,0,28510
1.9685356213220186,-0.02081134284729808,-1.5157060955084185,0,0,0,28510
1.9685356213220186,-0.02081134284729808,-1.5157060955084185,0,0,0,28512
1.9685356213220186,-0.02081134284729808,-1.5157060955084185,0,0,0,28514
1.9685356213220186,-0.02081134284729808,-1.5157060955084185,0,0,0,28516
1.9685356213220186,-0.02081134284729808,-1.5157060955084185,0,0,0,28516
1.9685356213220186,-0.02081134284729808,-1.5157060955084185,0,0,0,28519
1.9685356213220186,-0.02081134284729808,-1.5157060955084185,0,0,0,28520
1.9685356213220186,-0.02081134284729808,-1.5157060955084185,0,0,0,28522
1.9685356213220186,-0.02081134284729808,-1.5157060955084185,0,0,0,28522
1.9685356213220186,-0.02081134284729808,-1.5157060955084185,0,0,0,28525
1.9685356213220186,-0.02081134284729808,-1.5157060955084185,0,0,0,28526
1.9685356213220186,-0.02081134284729808,-1.5157060955084185,0,0,0,28529
1.9685356213220186,-0.02081134284729808,-1.5157060955084185,0,0,0,28529
1.9685356213220186,-0.02081134284729808,-1.5157060955084185,0,0,0,28531
1.9685356213220186,-0.02081134284729808,-1.5157060955084185,0,0,0,28533
1.9685356213220186,-0.02081134284729808,-1.5157060955084185,0,0,0,28535
1.9685356213220186,-0.02081134284729808,-1.5157060955084185,0,0,0,28535
1.9685356213220186,-0.02081134284729808,-1.5157060955084185,0,0,0,28537
1.9685356213220186,-0.02081134284729808,-1.5157060955084185,0,0,0,28539
1.9685356213220186,-0.02081134284729808,-1.5157060955084185,0,0,0,28541
1.9685356213220186,-0.02081134284729808,-1.5157060955084185,0,0,0,28543
1.9685356213220186,-0.02081134284729808,-1.5157060955084185,0,0,0,28543
1.9685356213220186,-0.02081134284729808,-1.5157060955084185,0,0,0,28544
1.9685356213220186,-0.02081134284729808,-1.5157060955084185,0,0,0,28546
1.9685356213220186,-0.02081134284729808,-1.5157060955084185,0,0,0,28546
1.9685356213220186,-0.02081134284729808,-1.5157060955084185,0,0,0,28548
1.9685356213220186,-0.02081134284729808,-1.5157060955084185,0,0,0,28551
1.9685356213220186,-0.02081134284729808,-1.5157060955084185,0,0,0,28552
1.9685356213220186,-0.02081134284729808,-1.5157060955084185,0,0,0,28552
1.9685356213220186,-0.02081134284729808,-1.5157060955084185,0,0,0,28555
1.9685356213220186,-0.02081134284729808,-1.5157060955084185,0,0,0,28556
1.9685356213220186,-0.02081134284729808,-1.5157060955084185,0,0,0,28559
1.9685356213220186,-0.02081134284729808,-1.5157060955084185,0,0,0,28559
1.9685356213220186,-0.02081134284729808,-1.5157060955084185,0,0,0,28560
1.9685356213220186,-0.02081134284729808,-1.5157060955084185,0,0,0,28562
1.9685356213220186,-0.02081134284729808,-1.5157060955084185,0,0,0,28564
1.9685356213220186,-0.02081134284729808,-1.5157060955084185,0,0,0,28567
1.9685356213220186,-0.02081134284729808,-1.5157060955084185,0,0,0,28567
1.9685356213220186,-0.02081134284729808,-1.5157060955084185,0,0,0,28569
1.9685356213220186,-0.02081134284729808,-1.5157060955084185,0,0,0,28570
1.9685356213220186,-0.02081134284729808,-1.5157060955084185,0,0,0,28572
1.9685356213220186,-0.02081134284729808,-1.5157060955084185,0,0,0,28575
1.9685356213220186,-0.02081134284729808,-1.5157060955084185,0,0,0,28575
1.9685356213220186,-0.02081134284729808,-1.5157060955084185,0,0,0,28576
1.9685356213220186,-0.02081134284729808,-1.5157060955084185,0,0,0,28579
1.9685356213220186,-0.02081134284729808,-1.5157060955084185,0,0,0,28580
1.9685356213220186,-0.02081134284729808,-1.5157060955084185,0,0,0,28583
1.9685356213220186,-0.02081134284729808,-1.5157060955084185,0,0,0,28583
1.9685356213220186,-0.02081134284729808,-1.5157060955084185,0,0,0,28584
1.9685356213220186,-0.02081134284729808,-1.5157060955084185,0,0,0,28586
1.9685356213220186,-0.02081134284729808,-1.5157060955084185,0,0,0,28589
1.9685356213220186,-0.02081134284729808,-1.5157060955084185,0,0,0,28590
1.9685356213220186,-0.02081134284729808,-1.5157060955084185,0,0,0,28590
1.9685356213220186,-0.02081134284729808,-1.5157060955084185,0,0,0,28593
1.9685356213220186,-0.02081134284729808,-1.5157060955084185,0,0,0,28594
1.9685356213220186,-0.02081134284729808,-1.5157060955084185,0,0,0,28596
1.9685356213220186,-0.02081134284729808,-1.5157060955084185,0,0,0,28596
1.9685356213220186,-0.02081134284729808,-1.5157060955084185,0,0,0,28598
1.9685356213220186,-0.02081134284729808,-1.5157060955084185,0,0,0,28600
1.9685356213220186,-0.02081134284729808,-1.5157060955084185,0,0,0,28602
1.9685356213220186,-0.02081134284729808,-1.5157060955084185,0,0,0,28604
1.9685356213220186,-0.02081134284729808,-1.5157060955084185,0,0,0,28604
1.9685356213220186,-0.02081134284729808,-1.5157060955084185,0,0,0,28606
1.9685356213220186,-0.02081134284729808,-1.5157060955084185,0,0,0,28608
1.9685356213220186,-0.02081134284729808,-1.5157060955084185,0,0,0,28611
1.9685356213220186,-0.02081134284729808,-1.5157060955084185,0,0,0,28612
1.9685356213220186,-0.02081134284729808,-1.5157060955084185,0,0,0,28612
1.9685356213220186,-0.02081134284729808,-1.5157060955084185,0,0,0,28614
1.9685356213220186,-0.02081134284729808,-1.5157060955084185,0,0,0,28616
1.9685356213220186,-0.02081134284729808,-1.5157060955084185,0,0,0,28619
1.9685356213220186,-0.02081134284729808,-1.5157060955084185,0,0,0,28621
1.9685356213220186,-0.02081134284729808,-1.5157060955084185,0,0,0,28622
1.9685356213220186,-0.02081134284729808,-1.5157060955084185,0,0,0,28625
1.9685356213220186,-0.02081134284729808,-1.5157060955084185,0,0,0,28625
1.9685356213220186,-0.02081134284729808,-1.5157060955084185,0,0,0,28626
1.9685356213220186,-0.02081134284729808,-1.5157060955084185,0,0,0,28628
1.9685356213220186,-0.02081134284729808,-1.5157060955084185,0,0,0,28631
1.9685356213220186,-0.02081134284729808,-1.5157060955084185,0,0,0,28632
1.9685356213220186,-0.02081134284729808,-1.5157060955084185,0,0,0,28632
1.9685356213220186,-0.02081134284729808,-1.5157060955084185,0,0,0,28635
1.9685356213220186,-0.02081134284729808,-1.5157060955084185,0,0,0,28636
1.9685356213220186,-0.02081134284729808,-1.5157060955084185,0,0,0,28638
1.9685356213220186,-0.02081134284729808,-1.5157060955084185,0,0,0,28640
1.9685356213220186,-0.02081134284729808,-1.5157060955084185,0,0,0,28640
1.9685356213220186,-0.02081134284729808,-1.5157060955084185,0,0,0,28642
1.9685356213220186,-0.02081134284729808,-1.5157060955084185,0,0,0,28644
1.9685356213220186,-0.02081134284729808,-1.5157060955084185,0,0,0,28646
1.9685356213220186,-0.02081134284729808,-1.5157060955084185,0,0,0,28648
1.9685356213220186,-0.02081134284729808,-1.5157060955084185,0,0,0,28648
1.9685356213220186,-0.02081134284729808,-1.5157060955084185,0,0,0,28651
1.9685356213220186,-0.02081134284729808,-1.5157060955084185,0,0,0,28652
1.9685356213220186,-0.02081134284729808,-1.5157060955084185,0,0,0,28654
1.9685356213220186,-0.02081134284729808,-1.5157060955084185,0,0,0,28656
1.9685356213220186,-0.02081134284729808,-1.5157060955084185,0,0,0,28656
1.9685356213220186,-0.02081134284729808,-1.5157060955084185,0,0,0,28658
1.9685356213220186,-0.02081134284729808,-1.5157060955084185,0,0,0,28660
1.9685356213220186,-0.02081134284729808,-1.5157060955084185,0,0,0,28663
1.9685356213220186,-0.02081134284729808,-1.5157060955084185,0,0,0,28663
1.9685356213220186,-0.02081134284729808,-1.5157060955084185,0,0,0,28665
1.9685356213220186,-0.02081134284729808,-1.5157060955084185,0,0,0,28667
1.9685356213220186,-0.02081134284729808,-1.5157060955084185,0,0,0,28669
1.9685356213220186,-0.02081134284729808,-1.5157060955084185,0,0,0,28669
1.9685356213220186,-0.02081134284729808,-1.5157060955084185,0,0,0,28670
1.9685356213220186,-0.02081134284729808,-1.5157060955084185,0,0,0,28672
1.9685356213220186,-0.02081134284729808,-1.5157060955084185,0,0,0,28675
1.9685356213220186,-0.02081134284729808,-1.5157060955084185,0,0,0,28676
1.9685356213220186,-0.02081134284729808,-1.5157060955084185,0,0,0,28676
1.9685356213220186,-0.02081134284729808,-1.5157060955084185,0,0,0,28679
1.9685356213220186,-0.02081134284729808,-1.5157060955084185,0,0,0,28680
1.9685356213220186,-0.02081134284729808,-1.5157060955084185,0,0,0,28683
1.9685356213220186,-0.02081134284729808,-1.5157060955084185,0,0,0,28683
1.9685356213220186,-0.02081134284729808,-1.5157060955084185,0,0,0,28684
1.9685356213220186,-0.02081134284729808,-1.5157060955084185,0,0,0,28687
1.9685356213220186,-0.02081134284729808,-1.5157060955084185,0,0,0,28689
1.9685356213220186,-0.02081134284729808,-1.5157060955084185,0,0,0,28689
1.9685356213220186,-0.02081134284729808,-1.5157060955084185,0,0,0,28690
1.9685356213220186,-0.02081134284729808,-1.5157060955084185,0,0,0,28692
1.9685356213220186,-0.02081134284729808,-1.5157060955084185,0,0,0,28694
1.9685356213220186,-0.02081134284729808,-1.5157060955084185,0,0,0,28694
1.9685356213220186,-0.02081134284729808,-1.5157060955084185,0,0,0,28696
1.9685356213220186,-0.02081134284729808,-1.5157060955084185,0,0,0,28698
1.9685356213220186,-0.02081134284729808,-1.5157060955084185,0,0,0,28701
1.9685356213220186,-0.02081134284729808,-1.5157060955084185,0,0,0,28703
1.9685356213220186,-0.02081134284729808,-1.5157060955084185,0,0,0,28703
1.9685356213220186,-0.02081134284729808,-1.5157060955084185,0,0,0,28704
1.9685356213220186,-0.02081134284729808,-1.5157060955084185,0,0,0,28706
1.9685356213220186,-0.02081134284729808,-1.5157060955084185,0,0,0,28708
1.9685356213220186,-0.02081134284729808,-1.5157060955084185,0,0,0,28710
1.9685356213220186,-0.02081134284729808,-1.5157060955084185,0,0,0,28710
1.9685356213220186,-0.02081134284729808,-1.5157060955084185,0,0,0,28712
1.9685356213220186,-0.02081134284729808,-1.5157060955084185,0,0,0,28715
1.9685356213220186,-0.02081134284729808,-1.5157060955084185,0,0,0,28716
1.9685356213220186,-0.02081134284729808,-1.5157060955084185,0,0,0,28718
1.9685356213220186,-0.02081134284729808,-1.5157060955084185,0,0,0,28718
1.9685356213220186,-0.02081134284729808,-1.5157060955084185,0,0,0,28721
1.9685356213220186,-0.02081134284729808,-1.5157060955084185,0,0,0,28722
1.9685356213220186,-0.02081134284729808,-1.5157060955084185,0,0,0,28724
1.9685356213220186,-0.02081134284729808,-1.5157060955084185,0,0,0,28727
1.9685356213220186,-0.02081134284729808,-1.5157060955084185,0,0,0,28728
1.9685356213220186,-0.02081134284729808,-1.5157060955084185,0,0,0,28730
1.9685356213220186,-0.02081134284729808,-1.5157060955084185,0,0,0,28732
1.9685356213220186,-0.02081134284729808,-1.5157060955084185,0,0,0,28734
1.9685356213220186,-0.02081134284729808,-1.5157060955084185,0,0,0,28734
1.9685356213220186,-0.02081134284729808,-1.5157060955084185,0,0,0,28736
1.9685356213220186,-0.02081134284729808,-1.5157060955084185,0,0,0,28739
1.9685356213220186,-0.02081134284729808,-1.5157060955084185,0,0,0,28740
1.9685356213220186,-0.02081134284729808,-1.5157060955084185,0,0,0,28743
1.9685356213220186,-0.02081134284729808,-1.5157060955084185,0,0,0,28744
1.9685356213220186,-0.02081134284729808,-1.5157060955084185,0,0,0,28744
1.9685356213220186,-0.02081134284729808,-1.5157060955084185,0,0,0,28747
1.9685356213220186,-0.02081134284729808,-1.5157060955084185,0,0,0,28748
1.9685356213220186,-0.02081134284729808,-1.5157060955084185,0,0,0,28750
1.9685356213220186,-0.02081134284729808,-1.5157060955084185,0,0,0,28750
1.9685356213220186,-0.02081134284729808,-1.5157060955084185,0,0,0,28753
1.9685356213220186,-0.02081134284729808,-1.5157060955084185,0,0,0,28755
1.9685356213220186,-0.02081134284729808,-1.5157060955084185,0,0,0,28757
1.9685356213220186,-0.02081134284729808,-1.5157060955084185,0,0,0,28759
1.9685356213220186,-0.02081134284729808,-1.5157060955084185,0,0,0,28759
1.9685356213220186,-0.02081134284729808,-1.5157060955084185,0,0,0,28760
1.9685356213220186,-0.02081134284729808,-1.5157060955084185,0,0,0,28763
1.9685356213220186,-0.02081134284729808,-1.5157060955084185,0,0,0,28765
1.9685356213220186,-0.02081134284729808,-1.5157060955084185,0,0,0,28765
1.9685356213220186,-0.02081134284729808,-1.5157060955084185,0,0,0,28766
1.9685356213220186,-0.02081134284729808,-1.5157060955084185,0,0,0,28768
1.9685356213220186,-0.02081134284729808,-1.5157060955084185,0,0,0,28770
1.9685356213220186,-0.02081134284729808,-1.5157060955084185,0,0,0,28772
1.9685356213220186,-0.02081134284729808,-1.5157060955084185,0,0,0,28774
1.9685356213220186,-0.02081134284729808,-1.5157060955084185,0,0,0,28774
1.9685356213220186,-0.02081134284729808,-1.5157060955084185,0,0,0,28776
1.9685356213220186,-0.02081134284729808,-1.5157060955084185,0,0,0,28779
1.9685356213220186,-0.02081134284729808,-1.5157060955084185,0,0,0,28780
1.9685356213220186,-0.02081134284729808,-1.5157060955084185,0,0,0,28782
1.9685356213220186,-0.02081134284729808,-1.5157060955084185,0,0,0,28784
1.9685356213220186,-0.02081134284729808,-1.5157060955084185,0,0,0,28786
1.9685356213220186,-0.02081134284729808,-1.5157060955084185,0,0,0,28786
1.9685356213220186,-0.02081134284729808,-1.5157060955084185,0,0,0,28788
1.9685356213220186,-0.02081134284729808,-1.5157060955084185,0,0,0,28791
1.9685356213220186,-0.02081134284729808,-1.5157060955084185,0,0,0,28792
1.9685356213220186,-0.02081134284729808,-1.5157060955084185,0,0,0,28794
1.9685356213220186,-0.02081134284729808,-1.5157060955084185,0,0,0,28794
1.9685356213220186,-0.02081134284729808,-1.5157060955084185,0,0,0,28796
1.9685356213220186,-0.02081134284729808,-1.5157060955084185,0,0,0,28799
1.9685356213220186,-0.02081134284729808,-1.5157060955084185,0,0,0,28801
1.9685356213220186,-0.02081134284729808,-1.5157060955084185,0,0,0,28803
1.9685356213220186,-0.02081134284729808,-1.5157060955084185,0,0,0,28803
1.9685356213220186,-0.02081134284729808,-1.5157060955084185,0,0,0,28804
1.9685356213220186,-0.02081134284729808,-1.5157060955084185,0,0,0,28807
1.9685356213220186,-0.02081134284729808,-1.5157060955084185,0,0,0,28808
1.9685356213220186,-0.02081134284729808,-1.5157060955084185,0,0,0,28808
1.9685356213220186,-0.02081134284729808,-1.5157060955084185,0,0,0,28811
1.9685356213220186,-0.02081134284729808,-1.5157060955084185,0,0,0,28813
1.9685356213220186,-0.02081134284729808,-1.5157060955084185,0,0,0,28814
1.9685356213220186,-0.02081134284729808,-1.5157060955084185,0,0,0,28816
1.9685356213220186,-0.02081134284729808,-1.5157060955084185,0,0,0,28818
1.9685356213220186,-0.02081134284729808,-1.5157060955084185,0,0,0,28818
1.9685356213220186,-0.02081134284729808,-1.5157060955084185,0,0,0,28820
1.9685356213220186,-0.02081134284729808,-1.5157060955084185,0,0,0,28823
1.9685356213220186,-0.02081134284729808,-1.5157060955084185,0,0,0,28824
1.9685356213220186,-0.02081134284729808,-1.5157060955084185,0,0,0,28826
1.9685356213220186,-0.02081134284729808,-1.5157060955084185,0,0,0,28826
1.9685356213220186,-0.02081134284729808,-1.5157060955084185,0,0,0,28829
1.9685356213220186,-0.02081134284729808,-1.5157060955084185,0,0,0,28830
1.9685356213220186,-0.02081134284729808,-1.5157060955084185,0,0,0,28832
1.9685356213220186,-0.02081134284729808,-1.5157060955084185,0,0,0,28832
1.9685356213220186,-0.02081134284729808,-1.5157060955084185,0,0,0,28834
1.9685356213220186,-0.02081134284729808,-1.5157060955084185,0,0,0,28836
1.9685356213220186,-0.02081134284729808,-1.5157060955084185,0,0,0,28839
1.9685356213220186,-0.02081134284729808,-1.5157060955084185,0,0,0,28841
1.9685356213220186,-0.02081134284729808,-1.5157060955084185,0,0,0,28842
1.9685356213220186,-0.02081134284729808,-1.5157060955084185,0,0,0,28842
1.9685356213220186,-0.02081134284729808,-1.5157060955084185,0,0,0,28844
1.9685356213220186,-0.02081134284729808,-1.5157060955084185,0,0,0,28846
1.9685356213220186,-0.02081134284729808,-1.5157060955084185,0,0,0,28848
1.9685356213220186,-0.02081134284729808,-1.5157060955084185,0,0,0,28850
1.9685356213220186,-0.02081134284729808,-1.5157060955084185,0,0,0,28850
1.9685356213220186,-0.02081134284729808,-1.5157060955084185,0,0,0,28852
1.9685356213220186,-0.02081134284729808,-1.5157060955084185,0,0,0,28854
1.9685356213220186,-0.02081134284729808,-1.5157060955084185,0,0,0,28856
1.9685356213220186,-0.02081134284729808,-1.5157060955084185,0,0,0,28858
1.9685356213220186,-0.02081134284729808,-1.5157060955084185,0,0,0,28858
1.9685356213220186,-0.02081134284729808,-1.5157060955084185,0,0,0,28860
1.9685356213220186,-0.02081134284729808,-1.5157060955084185,0,0,0,28862
1.9685356213220186,-0.02081134284729808,-1.5157060955084185,0,0,0,28865
1.9685356213220186,-0.02081134284729808,-1.5157060955084185,0,0,0,28866
1.9685356213220186,-0.02081134284729808,-1.5157060955084185,0,0,0,28866
1.9685356213220186,-0.02081134284729808,-1.5157060955084185,0,0,0,30298
1.9670182288660993,0.00953129661795599,-1.5154929159749748,-0.16664281487464905,0.0019634952768683434,0.011219972744584084,30672
1.9621445339222603,0.08673214965020551,-1.5132825811555874,-0.2822725176811218,-0.00589048583060503,0.0336599200963974,30679
1.9587877797349942,0.1393127658242464,-1.513955779661044,-0.3502899706363678,-0.02159844897687435,0.01121996808797121,30682
1.95092245564813,0.24189597263889726,-1.5085926317863505,-0.2924751341342926,-0.027488933876156807,0.04487990215420723,30688
1.9461850010755155,0.28885903031443694,-1.5056529981471414,-0.19044892489910126,-0.007853981107473373,-0.011219972744584084,30692
1.9437262159468385,0.3247768359864065,-1.50481150010157,-0.11562970280647278,-0.007853981107473373,-0.011219972744584084,30697
1.9423202104966786,0.332194241560772,-1.4998859315775475,0,0,0,30702
1.9412170689371286,0.3317123813442598,-1.6563709113068565,0,-0.007853981107473373,-0.6170985698699951,30722
1.9416993723386997,0.33171352103255686,-1.85278777905764,-0.003400873625651002,-0.0019634952768683434,-0.6170985102653503,30729
1.9418146415776432,0.33144237941924937,-1.9708555657665952,-0.003400873625651002,0.00589048583060503,-0.5722185969352722,30733
1.941779312533817,0.33216735757779897,-2.2076755578526734,0,0,-0.572218656539917,30741
1.94200644541922,0.3321890864435537,-2.3574285512370126,0.01020262110978365,0.0019634952768683434,-0.5609986782073975,30746
1.9421901171710645,0.33150232984057854,-2.5390238310338527,-0.003400873625651002,0.00589048583060503,-0.6058785319328308,30752
1.9418355368947564,0.3316215905509129,-2.7988447724482604,0,0.003926990553736687,-0.6170985102653503,30761
1.9420560231746173,0.3316378165214312,-2.9752227632572743,0.006801747251302004,0,-0.6058785319328308,30767
1.941933383499211,0.3315277983942335,3.0719055082763482,-0.003400873625651002,-0.0019634952768683434,-0.6507584452629089,30775
1.9425846431146598,0.3316713052613691,2.8615534334814927,0.003400873625651002,-0.00589048583060503,-0.5385587811470032,30782
1.9421242671729135,0.33189174067183186,2.6829987689931505,-0.003400873625651002,0.0019634952768683434,-0.5946585536003113,30788
1.9426724944622271,0.3319832575289072,2.566142737889376,0.006801747251302004,0,-0.6058785319328308,30792
1.9424715079180366,0.3315908210009803,2.3629714485434996,0.003400873625651002,0.00589048583060503,-0.5722185969352722,30799
1.942622452754245,0.3324207173340144,2.184472878230877,0,0,-0.572218656539917,30805
1.9423128141950925,0.3316584798470968,2.091941753165101,0,0.003926990553736687,-0.5834385752677917,30808
1.9426022753097356,0.33225192256072944,1.890599319582451,0,0.003926990553736687,-0.5834385752677917,30815
1.942373449548309,0.3316933948007324,1.797047177733762,-0.01020262110978365,-0.00589048583060503,-0.572218656539917,30818
1.9426357313779021,0.33242280454518536,1.6770158959345607,0,-0.003926990553736687,-0.6283184885978699,30822
1.942246681247176,0.3320262822963538,1.4794321540041144,0.003400873625651002,0.00589048583060503,-0.5722185969352722,30829
1.9426498329016357,0.3325476138490267,1.3228125369014765,0,0.003926990553736687,-0.6170985102653503,30834
1.9426722686199216,0.3322287144493796,1.1809471876364253,0.003400873625651002,0.0019634952768683434,-0.6283184885978699,30839
1.9429221675026622,0.3324870805853696,1.0854652084295413,0.003400873625651002,0.00589048583060503,-0.5722185969352722,30842
1.942623737071616,0.33257210229745093,0.9084364587140606,0.003400873625651002,-0.00589048583060503,-0.6395384669303894,30848
1.9419348554575118,0.33201987912455844,0.7071837836614809,0,-0.003926990553736687,-0.594658613204956,30855
1.9427206272731605,0.3320048845462977,0.5890037958425985,0,-0.003926990553736687,-0.594658613204956,30859
1.942379978988528,0.3318773203846437,0.4370741299532164,0,-0.01178097166121006,-0.572218656539917,30864
1.943332452047003,0.3315948867434876,0.29285258263822156,0.003400873625651002,-0.00589048583060503,-0.572218656539917,30869
1.942824472034122,0.3317711200249895,0.11830344634073553,0.003400873625651002,0.0019634952768683434,-0.6283184885978699,30875
1.943224873223206,0.33171568128086465,0.02150873266389186,0.003400873625651002,0.0019634952768683434,-0.5946585536003113,30878
1.9429629844389684,0.3323426189217692,-0.12788522179081485,0.003400873625651002,0.0019634952768683434,-0.05609986558556557,30885
1.9426640392572465,0.3321469650769093,-0.12453044966652377,0,0,0,30890
1.9429235459321264,0.3321479508417547,-0.04021234322289734,0,0,0.2692793607711792,30898
1.9422573386590438,0.3324593424733241,0.06195674018944981,-0.003400873625651002,0.0019634952768683434,0.31415924429893494,30905
1.942329265878498,0.3325109065359063,0.12251093958730515,-0.003400873625651002,-0.0019634952768683434,0.32537922263145447,30909
1.9428957009400452,0.3324484167512731,0.22929143262317192,0.003400873625651002,0.00589048583060503,0.3702591061592102,30915
1.9423063780659746,0.33254476891450047,0.34637186700187633,0.003400873625651002,0.0019634952768683434,0.3814791142940521,30921
1.9425492277800778,0.33249824505931974,0.41209847707928904,-0.003400873625651002,0.0019634952768683434,0.4151390492916107,30924
1.9425685504087395,0.33212696397651476,0.5321522072728919,-0.006801747251302004,-0.003926990553736687,0.44879892468452454,30930
1.9424509589833627,0.3326643882077702,0.6219119997551339,0.003400873625651002,0.0019634952768683434,0.44879892468452454,30934
1.9429805631654389,0.3329776209904027,0.7567760888238955,0.003400873625651002,0.0019634952768683434,0.44879892468452454,30940
1.9426318652418053,0.33309846767309115,0.8875897686695238,0.003400873625651002,-0.0019634952768683434,0.4263589680194855,30946
1.9430570564808642,0.3331338768391932,0.9957503199933789,0,0,0.4712388813495636,30951
1.9429221604138607,0.3331202809016939,1.066178097866754,-0.003400873625651002,0.0019634952768683434,0.4151390492916107,30954
1.9426065732667945,0.3335062988469415,1.1712531595851605,0.006801747251302004,0,0.437578946352005,30959
1.9428925381039537,0.3337510558628172,1.3040864333966184,0,0.003926990553736687,0.42635902762413025,30965
1.9422520694195482,0.3332720435790463,1.368926667138631,0,-0.003926990553736687,0.34781914949417114,30968
1.9420114380524796,0.33311436887392376,1.381717437491019,0,0,0,30974
1.9450209219065266,0.34944991720733715,1.3810554590532782,0.047612231224775314,0,0,30996
1.9472032944711792,0.3609989102674247,1.3812798584867998,0.06801747530698776,0,0,31000
1.9507116284730739,0.3801332546698928,1.3835575131946678,0.06801747530698776,0.003926990553736687,0.05609986558556557,31006
1.953167923593218,0.3966133226057863,1.4051896235491732,0.0646165981888771,0.00589048583060503,0.1346396803855896,31011
1.9560458341671343,0.4128265586703958,1.4186087127988456,0.06121572479605675,0,0,31016
1.958040398806568,0.4279409721065353,1.4210434470927331,0.05781485140323639,0.009817476384341717,0.08975978195667267,31021
1.9589286163210293,0.4381914016457017,1.437065570469253,0.06801747530698776,-0.007853981107473373,0.056099873036146164,31024
1.9617684008335248,0.4574309798250804,1.4370206905709184,0.06121572479605675,0,0,31030
1.9632451006849534,0.47273465520168717,1.4791292535339613,0.07481922209262848,-0.003926990553736687,0.3814791142940521,31035
1.9652017564043622,0.49230329407901563,1.515369769942772,0.07141834497451782,0.00589048583060503,0.0336599200963974,31041
1.9657419319552758,0.5035236324475747,1.5158073489097377,0.07822009176015854,-0.0019634952768683434,-0.011219972744584084,31044
1.9682725369657073,0.5401318081727057,1.5155492895152118,0.13943582773208618,-0.0019634952768683434,-0.011219972744584084,31050
1.9703623424221157,0.5730546451153842,1.5146741315458896,0.13263407349586487,-0.00589048583060503,0,31055
1.9715381094519113,0.6001018117100174,1.5157736889133435,0.13603495061397552,0,0,31059
1.9732140137142542,0.621747337440948,1.516884466292634,0.1292331963777542,-0.007853981107473373,-0.011219972744584084,31062
1.9757578349238878,0.668130508204083,1.5209124370155143,0.13603495061397552,0,0.0336599200963974,31069
1.977828524305286,0.708415027436424,1.5206880375466025,0.13603495061397552,-0.003926990553736687,0.011219972744584084,31075
1.9797866119406407,0.7440708867980818,1.5216192953161995,0.13603495061397552,0.003926990553736687,0.022439945489168167,31080
1.981458124564939,0.7763430017262392,1.5229881321272687,0.13603495061397552,0,0,31085
1.9827832889769819,0.8037864207634052,1.5236725505123143,0.13263407349586487,0.0019634952768683434,0.011219972744584084,31089
1.985058335507501,0.8392953502507833,1.5236164506766487,0.13603495061397552,-0.007853981107473373,-0.044879890978336334,31094
1.9859219437119684,0.8664981653095489,1.5252209069703289,0.13603495061397552,-0.003926990553736687,-0.022439945489168167,31098
1.9875255667322016,0.894344148280752,1.5234144911904313,0.13603495061397552,-0.007853981107473373,-0.044879890978336334,31102
1.9892062577346683,0.9357191736422591,1.5258941053435375,0.13943582773208618,0.0019634952768683434,0.011219972744584084,31108
1.9903662750116125,0.9639227346029675,1.5258380055060097,0.13943582773208618,0.00589048583060503,0.0336599200963974,31112
1.9916375163120092,0.9918524376729019,1.5269375629479698,0.14283668994903564,0.003926990553736687,-0.011219972744584084,31116
1.9940938435052207,1.0427895655476473,1.5260624050494282,0.14963844418525696,-0.003926990553736687,0.011219972744584084,31123
1.9954016004072408,1.067044145188819,1.524895527720851,0.14963844418525696,0.003926990553736687,0.022439945489168167,31126
1.9970119483973865,1.1126707509544633,1.5246599082736298,0.15303932130336761,-0.00589048583060503,-0.0336599200963974,31132
1.9983328622018697,1.1420170227996478,1.5266795036987304,0.1462375670671463,-0.0019634952768683434,-0.011219972744584084,31136
2.000510395999625,1.187887359708455,1.526051185110235,0.15303932130336761,0.0019634952768683434,0.011219972744584084,31142
2.0017394688462335,1.2174971973245146,1.5271731824641086,0.14963844418525696,-0.007853981107473373,-0.011219972744584084,31146
2.003343213455162,1.2632532448012523,1.5256360459452867,0.14963844418525696,-0.003926990553736687,0.011219972744584084,31152
2.004976994900036,1.2992554625990622,1.5256584858590634,0.14963844418525696,0.01178097166121006,0,31157
2.0075445039261517,1.3388470817421876,1.5240876894909967,0.15303932130336761,-0.0019634952768683434,-0.011219972744584084,31162
2.0089632095188206,1.374266475709596,1.5251648070191794,0.15303932130336761,-0.0019634952768683434,0.022439945489168167,31167
2.010267962856924,1.399746656293076,1.5238632900556126,0.15303932130336761,0.009817476384341717,0.022439945489168167,31170
2.0128773833569484,1.4498451424866727,1.5222700538110217,0.1632419377565384,0,0,31176
2.014095215459761,1.4824281189130302,1.5240315896534686,0.1700436770915985,0,0,31180
2.015642551862283,1.5161398327171647,1.5231452117449533,0.1632419377565384,0.01178097166121006,0,31184
2.0181806010809016,1.5494224661143818,1.5224607933580454,0.17684543132781982,-0.015707962214946747,-0.022439945489168167,31188
2.0210109548721396,1.5989214131032385,1.5272068423487435,0.1700436770915985,0,0,31194
2.0228176774014477,1.6486100914082056,1.5279473606495482,0.15984106063842773,0.0019634952768683434,0.011219972744584084,31200
2.024816282049689,1.681773967893,1.5293386374489002,0.1700436770915985,0,0,31204
2.02649236947261,1.715296285645425,1.5284298195912172,0.17344455420970917,-0.009817476384341717,-0.022439945489168167,31208
2.0273320080812955,1.7481075468274547,1.5319865511998623,0.1632419377565384,0.007853981107473373,0.044879890978336334,31212
2.0281165318421595,1.797946581619489,1.5623253618507151,0.15984106063842773,0.009817476384341717,0.022439945489168167,31218
2.028347741706528,1.831026042206268,1.5607209055924252,0.16664281487464905,-0.0019634952768683434,-0.011219972744584084,31222
2.028453264738136,1.8648311231006438,1.5617980230107114,0.16664281487464905,-0.00589048583060503,-0.0336599200963974,31226
2.028777174291165,1.9152922856533483,1.5627180608057245,0.16664281487464905,-0.00589048583060503,0,31232
2.029040849901728,1.955652874352839,1.5631331998235234,0.1802462935447693,0.009817476384341717,0.022439945489168167,31237
2.029122897903925,1.9844613342089115,1.5624824413231135,0.17684543132781982,0,0,31240
2.030157520751349,2.045146165301185,1.561629723245217,0.19384980201721191,0.00589048583060503,0,31247
2.029024251961247,2.0758314937867453,1.5723111386082564,0.19384980201721191,0.00589048583060503,0.1346396803855896,31250
2.028853879847283,2.1140478732138144,1.5930793117279831,0.20745328068733215,0.00589048583060503,0,31254
2.0275052133132174,2.1534674333084842,1.5905996975376235,0.18364717066287994,0.007853981107473373,-0.022439945489168167,31258
2.0256163597221843,2.212079200940046,1.5890176812303634,0.19725067913532257,0.003926990553736687,0.022439945489168167,31264
2.023921213135859,2.261381868104923,1.5912616760144793,0.2040524184703827,0,0.0336599200963974,31269
2.0216785737356187,2.3025031842299373,1.6182905941409433,0.2108541578054428,0,0.0336599200963974,31273
2.01984356006762,2.335030179698765,1.61671979784552,0.20745328068733215,-0.0019634952768683434,-0.011219972744584084,31276
2.0157276286354753,2.397069223019344,1.613578205142914,0.20745328068733215,0.0019634952768683434,-0.022439945489168167,31282
2.013809877304524,2.4383900299525894,1.611984968898323,0.2040524184703827,0,0,31286
2.0109275828830917,2.501166017322393,1.6117830093767158,0.21425503492355347,0.00589048583060503,0,31292
2.009039941077684,2.542900113077851,1.6115810498178553,0.20745328068733215,-0.0019634952768683434,-0.011219972744584084,31296
2.0069913543830307,2.5941579361015457,1.6113566503470809,0.2108541578054428,0,0,31301
2.005356385685445,2.629595089793228,1.6124898677127917,0.22445766627788544,0.003926990553736687,0.022439945489168167,31304
2.0028297618016766,2.6814237030887966,1.6174042161579225,0.22105678915977478,0.00589048583060503,0.0336599200963974,31309
2.0008379729306873,2.715814618083829,1.623721061451495,0.21765591204166412,0.003926990553736687,0.05609986558556557,31312
1.9967605692744557,2.7808345610402703,1.6476644863627037,0.2108541578054428,-0.003926990553736687,0.14585965871810913,31318
1.9894027614972392,2.854673813463496,1.7033155586762292,0.21765591204166412,0.003926990553736687,0.19073955714702606,31325
1.983705034234739,2.889518584503475,1.7295141985533011,0.2108541578054428,0.003926990553736687,0.19073955714702606,31328
1.9758522262395206,2.93251505592477,1.7725989017938422,0.2278585284948349,-0.0019634952768683434,0.22439946234226227,31332
1.9673222934342904,2.9750125391080644,1.8144942856433555,0.22105678915977478,-0.00589048583060503,0.1682996153831482,31336
1.94845083511399,3.0370814773892865,1.8779993409762694,0.21425503492355347,0.009817476384341717,0.19073955714702606,31342
1.9340513996396438,3.078151043022421,1.9246632151729888,0.20745328068733215,-0.00589048583060503,0.2356194406747818,31346
1.9096893198698623,3.138429929393406,1.9931162798116946,0.21765591204166412,-0.01178097166121006,0.2356194257736206,31352
1.8905999439035528,3.1784098244753407,2.0574179499697047,0.22445766627788544,-0.01178097166121006,0.3702591061592102,31356
1.8688941728203852,3.216064701749712,2.1273744882586394,0.22445766627788544,-0.003926990553736687,0.34781914949417114,31360
1.8254613113507476,3.2760126261657616,2.2453188571228586,0.21765591204166412,-0.01178097166121006,0.3029392957687378,31367
1.8028702250076227,3.3026943221801663,2.3049978992447056,0.22105678915977478,-0.00589048583060503,0.3702591061592102,31370
1.7567188795889386,3.3477167839125666,2.4186898990697006,0.21425503492355347,0.013744466938078403,0.34781914949417114,31376
1.7039997371018818,3.3884321659998218,2.534064891980347,0.22445766627788544,-0.01178097166121006,0.3702591061592102,31382
1.668005467466083,3.413239934932237,2.5757358754687414,0.22105678915977478,-0.013744466938078403,-0.011219972744584084,31386
1.6242599482417475,3.4411368288668713,2.575545135884465,0.21425503492355347,-0.00589048583060503,-0.0336599200963974,31391
1.5942829518299368,3.458886070515404,2.5863050911049803,0.21765591204166412,0.003926990553736687,0.12341970950365067,31394
1.556219672049677,3.481394202315642,2.6392970286279365,0.22445766627788544,-0.003926990553736687,0.3141592741012573,31398
1.5179266865647472,3.5010198933469177,2.69941364880219,0.22105678915977478,0.0019634952768683434,0.31415924429893494,31402
1.4574244487298875,3.5259470978383685,2.7947834266456417,0.22105678915977478,0.0019634952768683434,0.31415924429893494,31408
1.4157342170840586,3.5393331441438667,2.857929440109668,0.2278585284948349,0.0019634952768683434,0.31415924429893494,31412
1.3522927342909867,3.557270906361052,2.871651468721119,0.2346602827310562,0.0019634952768683434,-0.022439945489168167,31418
1.309241637297616,3.569188846368549,2.872246127346748,0.22105678915977478,0.009817476384341717,0.05609986558556557,31422
1.2553946913461302,3.582161361439604,2.927964519331234,0.22105678915977478,0.0019634952768683434,0.3814791142940521,31427
1.1966532203598865,3.5910413355505426,3.0198897672798735,0.23125940561294556,-0.007853981107473373,0.29171931743621826,31432
1.1286901306937422,3.5995523427196847,3.0365402084998308,0.2278585284948349,0.00589048583060503,0,31438
1.0831889881419616,3.604171825161491,3.03494697225524,0.23125940561294556,-0.007853981107473373,-0.044879890978336334,31442
1.036938465664605,3.607884325980365,3.0746095805129094,0.23125940561294556,-0.003926990553736687,0.34781914949417114,31446
0.9666106874427773,3.610057199047728,3.13380616552552,0.2278585284948349,0.0019634952768683434,0.011219972744584084,31452
0.8956819279080818,3.6107062346954306,3.1343896041784274,0.24146203696727753,-0.0019634952768683434,-0.011219972744584084,31458
0.8392848748122567,3.6102315166563343,-3.1126112845806793,0.24146203696727753,-0.009817476384341717,0.4487989842891693,31463
0.7916726161357225,3.6063877364145775,-3.0296620138268096,0.23806115984916687,-0.003926990553736687,0.21317951381206512,31467
0.7543489843184118,3.6023925697148744,-3.0263409011844136,0.23806115984916687,-0.007853981107473373,-0.044879890978336334,31470
0.6839040183297188,3.593454378669617,-3.026587740531712,0.2346602827310562,0.00589048583060503,0.0336599200963974,31476
0.6130878353046083,3.5853178208585414,-3.026542860633377,0.244862899184227,0.007853981107473373,0.011219972744584084,31482
0.5560920493889315,3.578330399935295,-3.0278892575306693,0.24146203696727753,0.00589048583060503,0,31487
0.517649091384443,3.57388818609362,-3.0292244343434818,0.23125940561294556,0.01178097166121006,0.0336599200963974,31490
0.44657874472081427,3.5652709527483553,-3.0301444721422213,0.2346602827310562,-0.0019634952768683434,-0.011219972744584084,31496
0.365230803970873,3.556051491034845,-3.0339031633469804,0.24146203696727753,0.00589048583060503,0.0336599200963974,31503
0.31678080258199204,3.5507906682926054,-3.0333982645697652,0.2516646385192871,0,0,31507
0.2765311710423788,3.5452568121547317,-3.0343070825038163,0.25506553053855896,-0.00589048583060503,-0.0336599200963974,31510
0.23279687463757348,3.5405185184266665,-3.0340714630584573,0.20065155625343323,0.0019634952768683434,0.011219972744584084,31514
0.17021979123435035,3.533485400350293,-3.0355973795300524,0.20745328068733215,-0.0019634952768683434,-0.011219972744584084,31520
0.12751948205321867,3.528640653111566,-3.034666121687812,0.2278585284948349,-0.0019634952768683434,-0.011219972744584084,31524
0.050707434752950545,3.520964563846343,-3.036225698045905,0.2346602827310562,-0.0019634952768683434,-0.011219972744584084,31531
-0.007412287599438848,3.514754008272637,-3.0362593580087713,0.22105678915977478,-0.00589048583060503,-0.0336599200963974,31536
-0.06201187951870653,3.5088227635172977,-3.0355973795710307,0.2618672549724579,0.0019634952768683434,0.011219972744584084,31541
-0.13147592150612872,3.50129342616093,-3.0349466210706204,0.21765591204166412,0.003926990553736687,0.022439945489168167,31547
-0.1761929590588596,3.496629253186792,-3.036248137996934,0.2278585284948349,0.00589048583060503,0,31551
-0.22530680871411984,3.491406587218396,-3.0362256980105133,0.2822725176811218,-0.0019634952768683434,-0.011219972744584084,31555
-0.26863162246160227,3.486384586747446,-3.0357768990689635,0.2584663927555084,-0.003926990553736687,-0.022439945489168167,31558
-0.3426489332628857,3.4783141603621304,-3.0362593578560335,0.2346602827310562,0.00589048583060503,0.0336599200963974,31564
-0.39347855323619463,3.4729843738112405,-3.0364837573268084,0.2108541578054428,0.003926990553736687,0.022439945489168167,31569
-0.4325980446673965,3.4687809416733133,-3.036248137844197,0.2516646385192871,-0.003926990553736687,-0.022439945489168167,31572
-0.5064969508902881,3.4607913125330243,-3.036483757326808,0.244862899184227,0.003926990553736687,0.022439945489168167,31578
-0.555520987193278,3.455952994367062,-3.035574939470987,0.25506553053855896,0.00589048583060503,0.0336599200963974,31582
-0.6148146430240061,3.4494614762839704,-3.035844218841959,0.24826376140117645,0.00589048583060503,0.0336599200963974,31587
-0.6543250961031741,3.4455894119813917,-3.0355973793046704,0.25506553053855896,-0.013744466938078403,0.022439951077103615,31590
-0.7035372838250888,3.440358498941054,-3.0351261403767,0.23806115984916687,-0.003926990553736687,-0.022439945489168167,31594
-0.7800008431582744,3.431883159828613,-3.034924180855093,0.2754707634449005,0.0019634952768683434,0.011219972744584084,31600
-0.8281211258416104,3.4268418706765815,-3.0356198191793315,0.20065155625343323,0.0019634952768683434,0.011219972744584084,31604
-0.8637936603620867,3.4227132724421496,-3.034699781309812,0.17344455420970917,-0.009817476384341717,-0.05609986558556557,31608
-0.913689185427593,3.417319660368603,-3.0352159001379797,0.23125940561294556,0,0,31613
-0.9507390914792605,3.4132102651913905,-3.034969060718038,0.2346602827310562,-0.0019634952768683434,-0.011219972744584084,31616
-1.0278474272061096,3.405615603544641,-3.047916911215239,0.20745328068733215,-0.00589048583060503,-0.2019595354795456,31623
-1.0546332253415411,3.4039702301961774,-3.079063560237097,0.13943582773208618,-0.00589048583060503,-0.2356194406747818,31626
-1.075033226967825,3.4031863004344816,-3.1228439002842303,0.09182358533143997,0.009817476384341717,-0.17951956391334534,31630
-1.094411464350735,3.4036013215848615,3.112353575813432,0.10202620923519135,0.003926990553736687,-0.28049933910369873,31634
-1.1239786904627302,3.4049487380036174,3.029785786659278,0.09522446244955063,0,-0.3029392659664154,31640
-1.1530140573810181,3.4100336229935033,2.864874603331949,0.03740961104631424,0.0019634952768683434,-0.5273387432098389,31647
-1.156354729257951,3.406210702200595,2.7823068109740445,0,0.05890486016869545,-0.5385587215423584,31650
-1.1726169784220477,3.3718247867638085,2.6206045416058026,0,0.1727875918149948,-0.5273387432098389,31656
-1.1924138588462154,3.3415805859133614,2.5132069394235836,-0.003400873625651002,0.1708240956068039,-0.5385587215423584,31660
-1.2271760021777265,3.301538889069503,2.3519646874093487,0,0.19634953141212463,-0.5609985589981079,31666
-1.2538338206288078,3.278490823537232,2.2433441113254227,0.006801747251302004,0.16886059939861298,-0.5497786998748779,31670
-1.2972710070505253,3.2488828666987315,2.1153915230853237,0.006801747251302004,0.1727875918149948,-0.08975974470376968,31676
-1.3273636040732772,3.2306415745990034,2.1158291004904615,0.006801747251302004,0.1806415617465973,-0.011219978332519531,31680
-1.372748318509467,3.2033619797644723,2.117220372803632,0.003400873625651002,0.17867806553840637,0.011219893582165241,31686
-1.3879856627614446,3.1940415835101645,2.1156495757258975,0.006801747251302004,0.1806415617465973,-0.011219978332519531,31688
-1.4334241661363052,3.1666134373389037,2.11364119249418,0,0.1806415617465973,0.022439870983362198,31694
-1.4633361276005645,3.1481334743787084,2.1145387874342996,0,0.1806415617465973,-0.011219978332519531,31698
-1.499913399442248,3.126766819165636,2.1125416277432003,-0.003400873625651002,0.1708240956068039,0,31703
-1.524139071962933,3.1119174792794357,2.11364118230551,-0.003400873625651002,0.1826050579547882,0,31706
-1.555222048589769,3.0939685086478987,2.1136187390222076,-0.003400873625651002,0.1826050579547882,0.03365984931588173,31710
-1.5846184031237769,3.0755745408980797,2.1098151712402107,-0.006801747251302004,0.17671458423137665,-0.03365984931588173,31714
-1.6156674702162326,3.057254556028396,2.1044744662353123,0.003400873625651002,0.17475108802318573,-0.04487982764840126,31718
-1.6459214767635777,3.0392660332861157,2.0965756026395868,0.003400873625651002,0.17867806553840637,-0.056099891662597656,31722
-1.6918975924109496,3.0132209729800703,2.0763908767916375,0.01020262110978365,0.17475108802318573,-0.07853976637125015,31728
-1.7227858224150756,2.9960111205823723,2.0615692959014797,-0.003400873625651002,0.17475108802318573,-0.07853976637125015,31732
-1.7552315229091562,2.9796959093255047,2.0445037128827948,-0.003400873625651002,0.17475108802318573,-0.04487982764840126,31736
-1.7868368946876219,2.9638516247295814,2.0283357327130216,0.003400873625651002,0.18653205037117004,-0.07853984832763672,31740
-1.8411676488203559,2.9375880030806196,1.9985579227872892,0,0.18456855416297913,-0.08975982666015625,31747
-1.8672568016828226,2.926427003839188,1.9825470208438047,-0.006801747251302004,0.1727875918149948,-0.08975974470376968,31750
-1.8993049530735546,2.912856058995642,1.9644940859143738,0.006801747251302004,0.1806415617465973,-0.11219978332519531,31754
-1.9490707521127753,2.893113461916508,1.93751005117457,0,0.17671458423137665,-0.06731978803873062,31760
-1.9820247680368108,2.880562691473888,1.9195468744264852,-0.003400873625651002,0.17867806553840637,-0.056099891662597656,31764
-2.0252218108627464,2.864530928789695,1.9191429604086874,0.003400873625651002,0.14333516359329224,-0.022439870983362198,31770
-2.0526694971654607,2.854604641052933,1.919546879653068,0.003400873625651002,0.14726214110851288,-0.033659934997558594,31774
-2.107392348980758,2.839229289566884,1.9186380665507186,0.03740961104631424,0.2258019596338272,-0.022439956665039062,31781
-2.1480537636073684,2.831740458533944,1.9193000453181475,0.044211357831954956,0.2454369068145752,-0.011219978332519531,31784
-2.1918227634976635,2.826186235278845,1.919771282729924,0.05781485140323639,0.19045904278755188,-0.022439956665039062,31788
-2.228602865743509,2.8234084939728725,1.919109298858847,0.05101310461759567,0.1826050579547882,0,31792
-2.2865686674881585,2.8206297777537666,1.9189073375416494,0.0646165981888771,0.18653205037117004,0.022439956665039062,31798
-2.333273252692441,2.8182117279832157,1.918952214053695,0.05781485140323639,0.17867806553840637,-0.022439956665039062,31803
-2.3645017234142656,2.8174784927618974,1.9165062603198033,0.05441397801041603,0.18849554657936096,0,31806
-2.4029054475166647,2.8160858627187317,1.916057459459729,0.06121572479605675,0.1924225389957428,-0.011219978332519531,31810
-2.461232218514417,2.8134479899640805,1.915114977714586,0.06121572479605675,0.19634953141212463,-0.022439956665039062,31816
-2.4980776553050177,2.8119109996784073,1.9169101692050818,0.05781485140323639,0.17867806553840637,0.011219893582165241,31820
-2.535874320665517,2.8107225540735974,1.9171121254856864,0.07141834497451782,0.1708240956068039,-0.033659934997558594,31824
-2.5993809235315877,2.8095967269043856,1.9148569079861038,0.05441397801041603,0.1727875918149948,-0.022439956665039062,31831
-2.63644142658319,2.8084325026333707,1.916427699855882,0.06801747530698776,0.17671458423137665,0,31835
-2.685128736626132,2.8095141591036383,1.9159340207701285,0.06801747530698776,0.17671458423137665,0.033659934997558594,31840
-2.7300333845149014,2.8124125953596715,1.9154627816447183,0.07141834497451782,0.1590431183576584,0,31845
-2.7687086359134345,2.815568672622119,1.9161359786973116,0.07141834497451782,0.1708240956068039,0.033659934997558594,31849
-2.818018046308578,2.8195611099151097,1.9163379366244946,0.0816209688782692,0.16886059939861298,0.022439956665039062,31854
-2.862827296235286,2.8237919752277065,1.9153056985532,0.08842271566390991,0.16886059939861298,-0.044879913330078125,31859
-2.9007113047323507,2.8260380676072656,1.9179648285329667,0.0816209688782692,0.1727875918149948,-0.022439956665039062,31863
-2.931552890535288,2.8292724459193797,1.9171233318173244,0.07141834497451782,0.16689710319042206,0.044879913330078125,31866
-2.9889332067347687,2.834247688378603,1.9151149555546945,0.07141834497451782,0.1708240956068039,0.033659934997558594,31872
-3.0346058257165756,2.8393582980625074,1.9133422021963553,0.07481922209262848,0.16886059939861298,0.022439956665039062,31877
-3.072671911117553,2.8434087640711914,1.912904619602819,0.08502183854579926,0.17867806553840637,0.011219893582165241,31881
-3.1227367299624658,2.845970504821142,1.9166969588262313,0.07822009176015854,0.1708240956068039,-0.033659934997558594,31886
-3.1684972211674256,2.8485656129046775,1.9143295432399072,0.1224314495921135,0.2670353651046753,-0.056099891662597656,31890
-3.230149048865117,2.842466862234761,1.91710087449288,0.09862533956766129,0.3200497329235077,0.044879913330078125,31894
-3.2925507012484334,2.837160153053162,1.9173140541697478,0.07141834497451782,0.3004147708415985,0,31898
-3.3531236522342716,2.8315308886150476,1.9171008711047282,0.05781485140323639,0.28470683097839355,-0.056099724024534225,31902
-3.4391232078230263,2.8265302968695365,1.918514588480959,0.0816209688782692,0.2670353651046753,0.044879913330078125,31908
-3.506464574187505,2.822779575144517,1.9196141447196495,0.0646165981888771,0.2650718688964844,0,31913
-3.5519265096416226,2.821925583098645,1.9182340872839336,0.08502183854579926,0.27292585372924805,0.011219978332519531,31916
-3.6378578452630137,2.819533097744814,1.918671666468829,0.07481922209262848,0.2670353651046753,-0.022439956665039062,31922
-3.6937860304259793,2.817377832587152,1.919782444401325,0.07141834497451782,0.2689988613128662,0.056099891662597656,31926
-3.7615221263993055,2.815966030879759,1.9206912627116306,0.1054270789027214,0.26114487648010254,0.011219978332519531,31931
-3.802283019115854,2.816394819785443,1.9194121850974593,0.09182358533143997,0.2258019596338272,0.011219978332519531,31934
-3.8512025943981274,2.817266927043694,1.9212410416982422,0.09522446244955063,0.23169244825839996,0.011219978332519531,31938
-3.9261545568584437,2.818087018509598,1.9202088036269476,0.0816209688782692,0.2238384634256363,0,31944
-3.985468959493811,2.8188826844906036,1.9207137009978654,0.07822009176015854,0.23365594446659088,0.022439956665039062,31949
-4.022855062096329,2.8207983107867474,1.9191541256996179,0.08842271566390991,0.18849554657936096,-0.033659934997558594,31952
-4.059842449534713,2.8165258585386943,1.9222396212580806,0.003400873625651002,0.0647953450679779,0.0336599126458168,31958
-4.065589318700875,2.813660962499851,1.9431873134808606,0,0,0.1009797677397728,31962
-4.065303738728715,2.813764473091659,1.9621827299058405,0.003400873625651002,-0.0019634952768683434,0.12341970205307007,31966
-4.065020381294124,2.81384401881193,2.0275054199580147,-0.006801747251302004,-0.003926990553736687,0.3141592741012573,31972
-4.064957873830786,2.8138090500142443,2.084828267236574,0,0,0.3029392659664154,31976
-4.0648607087498965,2.814428465962085,2.1833284187188804,0.006801747251302004,0,0.2692793607711792,31983
-4.0649747403039145,2.8141715601167854,2.2279839153089602,0,0,0.2692793607711792,31986
-4.065066813817718,2.813563538718014,2.3024396617209653,-0.003400873625651002,0.0019634952768683434,0.31415924429893494,31991
-4.065288066800078,2.8136330951029116,2.353277363811302,0.003400873625651002,0.0019634952768683434,0.31415924429893494,31994
-4.065200560714868,2.814234022693547,2.4624477084092278,0.003400873625651002,-0.0019634952768683434,0.2917192876338959,32001
-4.06535352918278,2.814262342789736,2.513049790311011,0,0,0.3029392659664154,32004
-4.064780721217891,2.814016934251042,2.583690746731672,0,-0.003926990553736687,0.34781914949417114,32008
-4.065051774802282,2.8137985754365813,2.661927623722047,0.003400873625651002,0.0019634952768683434,0.31415924429893494,32013
-4.065105169908842,2.8139994608605283,2.718925090297222,0,-0.003926990553736687,0.34781914949417114,32016
-4.064970757645746,2.813954456332317,2.783181880266325,-0.003400873625651002,0.0019634952768683434,0.31415924429893494,32020
-4.064837207202807,2.813489849701916,2.865884307218492,0.003400873625651002,0.0019634952768683434,0.31415924429893494,32025
-4.065427915307344,2.8134002369610216,2.918023525095204,0,0,0.336599200963974,32028
-4.065527860473705,2.8134874523895625,3.034722474318814,-0.006801747251302004,0.007853981107473373,0.31415924429893494,32035
-4.065256888725336,2.8135418979324007,3.088477368207379,0,0,0.3702591061592102,32038
-4.065050738306637,2.8133279231111263,-3.1266139161694935,0.003400873625651002,0.0019634952768683434,0.34781917929649353,32042
-4.065414527011132,2.8137488240839845,-3.0250619345067102,0.003400873625651002,-0.0019634952768683434,0.3590391278266907,32048
-4.065267037213079,2.813172470502376,-2.9608051445674097,0,0.003926990553736687,0.3253791928291321,32052
-4.064993805744602,2.813229940994676,-2.8789666549021753,0.003400873625651002,0.0019634952768683434,0.31415924429893494,32057
-4.065735218443395,2.813526291878771,-2.7903064203424552,0.006801747251302004,-0.003926990553736687,0.3814791142940521,32062
-4.065626800623275,2.813105747252374,-2.7073795946987325,-0.003400873625651002,0.00589048583060503,0.3365991711616516,32067
-4.065094111198747,2.8129297596467513,-2.6523231838018972,-0.003400873625651002,-0.00589048583060503,0.3702591061592102,32070
-4.065167771697266,2.812926919417168,-2.5807958491682905,0.003400873625651002,0.0019634952768683434,0.34781917929649353,32074
-4.065596335290778,2.812821779967161,-2.494873288953415,0.003400873625651002,-0.0019634952768683434,0.3590391278266907,32079
-4.065499830085804,2.8125011462895233,-2.4422067324409564,0,0.003926990553736687,0.3253791928291321,32082
-4.0655238693224005,2.8129128380918185,-2.3356506407161577,0,0.003926990553736687,0.3253791928291321,32088
-4.0659757667982594,2.8124777753692287,-2.25245453364406,0.003400873625651002,0.0019634952768683434,0.3814791142940521,32093
-4.066148456907684,2.812687860586512,-2.198127420936653,-0.003400873625651002,-0.009817476384341717,0.31415924429893494,32096
-4.065192234736623,2.812697024091549,-2.1155708544299774,0.003400873625651002,0.0019634952768683434,0.3814791142940521,32101
-4.065126929986909,2.8129016468493475,-2.0592353654897426,0,0,0.336599200963974,32104
-4.06583914655892,2.8126932046409006,-1.9407300014436353,0.006801747251302004,-0.003926990553736687,0.3141592741012573,32111
-4.065592985221251,2.8128214728950205,-1.874330197160571,-0.003400873625651002,-0.0019634952768683434,0.32537922263145447,32115
-4.06554166497542,2.813157617707089,-1.816300490833176,-0.003400873625651002,0.0019634952768683434,0.34781917929649353,32118
-4.0653934935593785,2.812917180533282,-1.7481952484110108,0.003400873625651002,0.0019634952768683434,0.31415924429893494,32122
-4.065830335988229,2.8129086099318843,-1.6762639950992677,-0.003400873625651002,0.0019634952768683434,0.34781917929649353,32126
-4.065307141199086,2.8103139929004683,-1.601471649601036,0.030607862398028374,0.0019634952768683434,0.011219972744584084,32132
-4.064718870820274,2.7928608810376963,-1.6023243676211902,0.13603495061397552,0.007853981107473373,0.011219972744584084,32136
-4.06645247483516,2.73355105899806,-1.6032331854788728,0.24146203696727753,0.0019634952768683434,0.011219972744584084,32142
-4.068775258320403,2.6631981229113397,-1.603480024898815,0.2992768883705139,0,0,32147
-4.070479914307062,2.5944280963766055,-1.6025936469903,0.24146203696727753,0.00589048583060503,0,32152
-4.071563578686338,2.5451284449317324,-1.6044112828174246,0.244862899184227,0,-0.0336599200963974,32156
-4.073307720563342,2.4958057484236913,-1.6042093232958172,0.25506553053855896,-0.0019634952768683434,0.022439945489168167,32160
-4.0735033712048025,2.448223313094628,-1.5773038260032264,0.23125940561294556,0,0.168299600481987,32164
-4.073072463402661,2.3967440371937703,-1.5322219675411153,0.2040524184703827,0,0.168299600481987,32169
-4.0694952527504755,2.343147008372996,-1.4738781007647261,0.20745328068733215,-0.009817476384341717,0.24683940410614014,32174
-4.063745134615993,2.295213181252269,-1.4038654632007823,0.20065155625343323,0.0019634952768683434,0.31415924429893494,32179
-4.055241503567613,2.25667055483791,-1.3417292462174828,0.19725067913532257,-0.007853981107473373,0.32537922263145447,32183
-4.047247170823307,2.226148685364127,-1.2868972327543222,0.19044892489910126,-0.007853981107473373,0.32537922263145447,32186
-4.026037630638649,2.1665499463881375,-1.1585182870171362,0.17684543132781982,0.007853981107473373,0.4151390492916107,32193
-4.013480499022343,2.14055122153715,-1.098311904539912,0.1802462935447693,0.0019634952768683434,0.3814791142940521,32196
-3.995396186142809,2.1094451952865643,-1.0161592525092453,0.18364717066287994,0,0.4712388813495636,32200
-3.964594055782947,2.0653769531954023,-0.8814746820770567,0.1802462935447693,-0.0019634952768683434,0.46001890301704407,32206
-3.9266035748300294,2.0265313116695007,-0.7469135314267559,0.17344455420970917,-0.00589048583060503,0.4712388813495636,32212
-3.899327873923572,2.0028023114977147,-0.6523964667653497,0.17684543132781982,-0.003926990553736687,0.48245885968208313,32216
-3.869682454019561,1.9828667568007603,-0.5608639174163643,0.1802462935447693,0.00589048583060503,0.4375790059566498,32220
-3.837897936351391,1.9660146589499423,-0.46635807574516425,0.17684543132781982,-0.003926990553736687,0.48245885968208313,32224
-3.7895226301048806,1.944806443300764,-0.32385317910195266,0.1700436770915985,-0.003926990553736687,0.44879892468452454,32230
-3.7422211054511707,1.933999203853134,-0.19152479946883877,0.1632419377565384,-0.007853981107473373,0.42635902762413025,32236
-3.6856261863566475,1.92620661423176,-0.08356620420497704,0.17344455420970917,-0.0019634952768683434,0.022439945489168167,32243
-3.6426533216062382,1.9222977817868852,-0.08325204501017597,0.15984106063842773,-0.00589048583060503,-0.0336599200963974,32248
-3.5935477451898103,1.9198583194107,-0.03436661761122781,0.1632419377565384,0.01178097166121006,0.2692793607711792,32254
-3.562149476832902,1.9195048885984352,0.022597192072172673,0.15644018352031708,-0.003926990553736687,0.3141592741012573,32258
-3.5081909019899777,1.9234931501248365,0.11918994942307476,0.1632419377565384,0.007853981107473373,0.21317951381206512,32265
-3.4542411443896883,1.9295902714437874,0.13202560025080798,0.15303932130336761,0.00589048583060503,0.0336599200963974,32272
-3.404517190613232,1.937684257376935,0.20014206217858027,0.14963844418525696,-0.015707962214946747,-0.022439945489168167,32279
-3.3603388822211784,1.9462338025196908,0.20105088003812577,0.2040524184703827,0,0,32284
-3.305879422288223,1.957390673137185,0.20100600013792844,0.23125940561294556,0,0,32289
-3.241563072030078,1.9704208755414254,0.20139869916744405,0.2108541578054428,0,0,32295
-3.20086355250663,1.9786921831182671,0.20010840218032344,0.21425503492355347,0.0019634952768683434,-0.022439945489168167,32299
-3.1599050565495994,1.9868149168659561,0.20099478008883895,0.19384980201721191,0.0019634952768683434,0.011219972744584084,32303
-3.1094737151561533,1.997197282212206,0.2021392173918803,0.20065155625343323,0.00589048583060503,0.0336599200963974,32308
-3.0626956638777,2.006419279486976,0.20327243472033796,0.19725067913532257,0.003926990553736687,0.022439945489168167,32313
-3.031371196926641,2.0131388672824753,0.20327243475759085,0.19044892489910126,0,0,32316
-2.992585445567476,2.0213121915709302,0.2030480352868161,0.21425503492355347,0.0019634952768683434,0.011219972744584084,32320
-2.9196382869063267,2.0359974181814975,0.20257679635884623,0.22105678915977478,-0.0019634952768683434,-0.011219972744584084,32327
-2.877209568017878,2.044503039736983,0.20459639163307228,0.2108541578054428,0.003926990553736687,0.022439945489168167,32331
-2.842350891766286,2.051948565531803,0.2051012905239087,0.21425503492355347,0.00589048583060503,0.0336599200963974,32334
-2.7998033155943536,2.060289752787533,0.20551642954170726,0.23125940561294556,0,0,32338
-2.7246395013393685,2.076413232976677,0.20750236489404492,0.2278585284948349,-0.0019634952768683434,-0.011219972744584084,32345
-2.6778132627976365,2.086242343541725,0.20755846477068862,0.14963844418525696,0.003926990553736687,0.022439945489168167,32350
-2.648522647296858,2.0919042277613045,0.20664964691300577,0.17344455420970917,-0.009817476384341717,-0.022439945489168167,32354
-2.6107325661149954,2.099849290342501,0.20915170101527952,0.2108541578054428,-0.003926990553736687,-0.022439945489168167,32358
-2.5461078337379472,2.113354189186299,0.20870290203461433,0.2108541578054428,-0.003926990553736687,-0.022439945489168167,32364
-2.5032038754942882,2.1224483367789624,0.20872534198564435,0.21765591204166412,0,-0.0336599200963974,32368
-2.4520455676498782,2.133375361752299,0.2086916820618933,0.22445766627788544,0,0,32373
-2.409080716664695,2.1426757323167704,0.20851216249131588,0.22105678915977478,0.00589048583060503,0,32377
-2.351451445375052,2.1551546905966124,0.20891608156992103,0.22445766627788544,0.003926990553736687,0.022439945489168167,32382
-2.306554662075923,2.1646730621865546,0.20847850260295514,0.22105678915977478,0.0019634952768683434,0.011219972744584084,32386
-2.2531932632993166,2.175734721827404,0.20737894519824854,0.23125940561294556,0,0,32391
-2.2171521839248367,2.1832408599884543,0.20689648629383234,0.22105678915977478,-0.00589048583060503,-0.0336599200963974,32394
-2.149733225738528,2.1973743715393987,0.20672818666244835,0.21425503492355347,0.0019634952768683434,0.011219972744584084,32400
-2.104995790449931,2.2064598830742876,0.2058193688047655,0.2346602827310562,-0.0019634952768683434,-0.011219972744584084,32404
-2.0607318697831323,2.2158480396616853,0.20578570891826736,0.24146203696727753,-0.0019634952768683434,-0.011219972744584084,32408
-2.0160147706347993,2.225246621823858,0.2066720868267828,0.21765591204166412,0,0,32412
-1.962024766279232,2.236207762434722,0.20485445099965835,0.2278585284948349,-0.00589048583060503,-0.0336599200963974,32417
-1.9040779621835162,2.2486700505931836,0.2064364673069185,0.23125940561294556,-0.003926990553736687,0.011219972744584084,32422
-1.8599239926234332,2.257653978020758,0.2064252473323348,0.2278585284948349,0.0019634952768683434,0.011219972744584084,32426
-1.814312777213501,2.267295878652056,0.20691892617221908,0.21765591204166412,0,0,32430
-1.7602898634966129,2.278547998567116,0.20669452666419139,0.23806115984916687,0.003926990553736687,0.022439945489168167,32435
-1.6795397006548158,2.2948402548119105,0.20611108801500888,0.2346602827310562,-0.00589048583060503,0,32442
-1.6360441058333588,2.3044446590261645,0.20719942548238474,0.21765591204166412,-0.003926990553736687,-0.022439945489168167,32446
-1.5965892773835155,2.3131180919921106,0.20859070224448378,0.20065155625343323,0.0019634952768683434,0.011219972744584084,32450
-1.5357436506581559,2.3257893506653686,0.2076818843868009,0.2108541578054428,0,0,32456
-1.4905491755301832,2.3355129065695244,0.2076818843868009,0.23806115984916687,0,0,32460
-1.4349432213855138,2.346956266836308,0.20764822446304987,0.23806115984916687,-0.003926990553736687,0.011219972744584084,32465
-1.3717003426643097,2.360373828969471,0.2069638060761418,0.244862899184227,-0.003926990553736687,-0.022439945489168167,32470
-1.3237014606101236,2.3704944303105564,0.20719942555875315,0.24826376140117645,-0.0019634952768683434,-0.011219972744584084,32474
-1.2509389695643496,2.385460238023447,0.20606620822843288,0.24826376140117645,-0.0019634952768683434,-0.011219972744584084,32480
-1.2022979680800945,2.395715668913159,0.20623450785981687,0.2516646385192871,0,0,32484
-1.1442894897613818,2.408062681598875,0.206447687356008,0.24826376140117645,-0.0019634952768683434,-0.011219972744584084,32489
-1.0717559775291,2.4235556510714265,0.20826532307137371,0.24826376140117645,0.0019634952768683434,0.011219972744584084,32495
-1.0231625440406795,2.4335587113940145,0.20714332571749974,0.2516646385192871,0.003926990553736687,0.022439945489168167,32499
-0.9601364369208624,2.44714774588999,0.2082989830342403,0.244862899184227,0.003926990553736687,0.022439945489168167,32504
-0.9113618910514655,2.4573467785427514,0.20740138515114112,0.2516646385192871,0.003926990553736687,0.022439945489168167,32508
-0.8536612202874525,2.4699801460920416,0.20936488058783903,0.24146203696727753,0.0019634952768683434,0.011219972744584084,32513
-0.8145430595465321,2.4776144941448335,0.20917414104081528,0.24146203696727753,0.009817476384341717,0.022439945489168167,32516
-0.7324769540232552,2.4955506280146706,0.20808580357343948,0.24146203696727753,0.0019634952768683434,-0.022439945489168167,32523
-0.6935010209698839,2.503759466206161,0.20806336362427214,0.25506553053855896,0.0019634952768683434,0.011219972744584084,32526
-0.6456012068186352,2.513953536881205,0.208534602552242,0.24826376140117645,0.0019634952768683434,0.011219972744584084,32530
-0.5733050100852027,2.528891204457157,0.20697502623140213,0.24826376140117645,0.0019634952768683434,0.011219972744584084,32536
-0.5242894507459656,2.539366387808643,0.2074238252102046,0.244862899184227,0,0,32540
-0.4757044826098303,2.5496571591015766,0.20790628403825234,0.244862899184227,0,0,32544
-0.42806158605879935,2.5595364884577667,0.20722186565134434,0.24826376140117645,0.0019634952768683434,0.011219972744584084,32548
-0.35533570051217905,2.57464228101936,0.20630182777996225,0.2516646385192871,-0.003926990553736687,-0.022439945489168167,32554
-0.297470382584122,2.587041946596338,0.20764822460461102,0.2618672549724579,0.0019634952768683434,0.011219972744584084,32559
-0.24894927311806114,2.596757865071758,0.20560618934210206,0.24146203696727753,-0.009817476384341717,-0.022439945489168167,32563
-0.15142090932491842,2.617415841330384,0.20779408424957474,0.24826376140117645,-0.0019634952768683434,-0.011219972744584084,32571
-0.0889797450996853,2.63044681405895,0.205965228446004,0.24826376140117645,-0.009817476384341717,-0.05609986558556557,32576
-0.015928816915224936,2.6450545988385508,0.19921080418546577,0.2516646385192871,0.01178097166121006,0,32582
0.04303979490990903,2.656432045079659,0.1902572648528813,0.2584663927555084,0.01178097166121006,-0.0336599238216877,32587
0.10838504112084019,2.66840892953702,0.16589870042427549,0.25506553053855896,0.009817476384341717,-0.14585965871810913,32592
0.15924651621679808,2.676476512534483,0.12748150801341676,0.25506553053855896,0.00589048583060503,-0.2019595354795456,32596
0.23566507674977907,2.6833185529337915,0.06533406774188727,0.2618672549724579,-0.0019634952768683434,-0.21317951381206512,32602
0.2863167694753463,2.685230488720023,0.015236882438434102,0.2584663927555084,0.007853981107473373,-0.25805938243865967,32606
0.36233928628055156,2.6827122331376594,-0.0773054632244595,0.2584663927555084,0,-0.2692793607711792,32612
0.43657616965338397,2.6722743748315594,-0.1768715119855135,0.2516646385192871,-0.003926990553736687,-0.3253791928291321,32618
0.48745115479502044,2.6617843917273687,-0.24188004196103582,0.2584663927555084,0,-0.3029392659664154,32622
0.5464439307955482,2.6453564751678003,-0.3202403414871073,0.2618672549724579,-0.00589048583060503,-0.3365991711616516,32627
0.6171998346823636,2.6167981955961475,-0.41500424153977766,0.2584663927555084,0.019634952768683434,-0.3253791928291321,32633
0.6858994449208115,2.5823023659400115,-0.5173416229052654,0.25506553053855896,0.0019634952768683434,-0.2917192876338959,32639
0.7209296820446384,2.5612500220400043,-0.570748699646776,0.2516646385192871,-0.007853981107473373,-0.31415924429893494,32642
0.7826932896997767,2.51649970004862,-0.6654452805009643,0.24826376140117645,-0.009817476384341717,-0.3590391278266907,32648
0.8224647891214174,2.4829806198016446,-0.7308801687902327,0.25506553053855896,0.0019634952768683434,-0.32537922263145447,32652
0.8589743337888405,2.448069195063412,-0.7963711571471775,0.2516646385192871,0.003926990553736687,-0.3141592741012573,32656
0.9113960616208203,2.3922887397898394,-0.8360001056632259,0.25506553053855896,-0.0019634952768683434,-0.011219972744584084,32662
0.9462658185424707,2.354277435667519,-0.8364264646556083,0.2618672549724579,-0.0019634952768683434,-0.011219972744584084,32666
0.9986549228288376,2.296116453932493,-0.837256742730321,0.2516646385192871,0.007853981107473373,0.044879890978336334,32672
1.0403117391509307,2.2505970146868055,-0.8384236200588981,0.2618672549724579,0.009817476384341717,-0.011219972744584084,32677
1.0927939286159094,2.192043265012223,-0.8395119575244113,0.27206990122795105,-0.003926990553736687,-0.022439945489168167,32683
1.1226084534012788,2.159738050990192,-0.8393099980028039,0.27887165546417236,0.007853981107473373,0.011219972744584084,32686
1.1770381957652842,2.0978067951578527,-0.8410603139433105,0.27206990122795105,-0.003926990553736687,0.011219972744584084,32692
1.2141345002996007,2.0563361983460493,-0.8423954908678812,0.27206990122795105,-0.003926990553736687,-0.022439945489168167,32696
1.278080992432783,1.9872590012412912,-0.8452341441556233,0.28907424211502075,-0.00589048583060503,-0.0336599200963974,32703
1.3080537671239807,1.9543817816874791,-0.8447180256180286,0.27887165546417236,-0.01178097166121006,-0.0336599200963974,32706
1.3451458238201521,1.9128155810407348,-0.844078487056812,0.2686690092086792,-0.0019634952768683434,-0.011219972744584084,32710
1.3820886529669727,1.8710255756463827,-0.8442804465784195,0.2754707634449005,-0.0019634952768683434,-0.011219972744584084,32714
1.4263365994884651,1.8213550912970322,-0.8437979877131189,0.27887165546417236,-0.003926990553736687,-0.022439945489168167,32719
1.4739796034323567,1.7675947443801343,-0.8449648649653275,0.27887165546417236,0.007853981107473373,0.044879890978336334,32724
1.5184488988634146,1.7171384697702208,-0.8454361038560445,0.2822725176811218,0.0019634952768683434,0.011219972744584084,32729
1.5732638553977996,1.6550154352858542,-0.8456268435204151,0.27206990122795105,-0.003926990553736687,-0.022439945489168167,32735
1.6026683189061088,1.621913500914956,-0.8454136640242239,0.2856733798980713,0,0,32738
1.64718104379001,1.5720959104765146,-0.8441121470606571,0.28907424211502075,0.00589048583060503,0.0336599200963974,32743
1.7058788852897986,1.5097485779180666,-0.7981326909300608,0.28907424211502075,0.0019634952768683434,0.21317951381206512,32749
1.7460686852553526,1.4698055561179575,-0.7464310497319431,0.2856733798980713,-0.003926990553736687,0.34781914949417114,32753
1.8130516767005618,1.4154815640436695,-0.6045881351402277,0.3026777505874634,-0.009817476384341717,0.5497786998748779,32759
1.8515225215771103,1.3919624996777424,-0.5203036851905888,0.2856733798980713,0.003926990553736687,0.5273388028144836,32762
1.903489208632789,1.3671800146619668,-0.4133661083672079,0.27206990122795105,-0.003926990553736687,0.5161187648773193,32766
1.9836280231249137,1.3401188850319117,-0.25620792808580456,0.27887165546417236,0.015707962214946747,0.49367883801460266,32772
2.067477648500036,1.3238569759134853,-0.11421915262845939,0.29587599635124207,-0.009817476384341717,0.21317948400974274,32778
2.1512397327511716,1.3170002509165362,-0.06390878921875821,0.2822725176811218,-0.0019634952768683434,0.2917192876338959,32784
2.2100410541320934,1.3151094214332264,-0.009559235457225937,0.2924751341342926,0,0.168299600481987,32788
2.2947405311368994,1.3153370348578532,-0.004095108215882978,0.2856733798980713,0,0,32794
2.3632595593980503,1.3171584775020153,0.04503715708681408,0.28907424211502075,0.00589048583060503,0.3029392659664154,32799
2.4371958706777157,1.3205366383545831,0.06360621452645268,0.28907424211502075,0.0019634952768683434,0.011219972744584084,32804
2.4940480924941015,1.3245287401160746,0.06744344559055022,0.2924751341342926,0.007853981107473373,0.11219973117113113,32808
2.550757981043532,1.3302582274448973,0.104559120424622,0.2856733798980713,-0.007853981107473373,0.022439945489168167,32812
2.648382943840299,1.340422450393953,0.10321272363722614,0.28907424211502075,0.0019634952768683434,0.011219972744584084,32819
2.6940015571180917,1.3447963255807573,0.10207950634602142,0.28907424211502075,0.00589048583060503,0.0336599200963974,32822
2.7514724841920346,1.3509013651674466,0.10131654806252179,0.28907424211502075,0.0019634952768683434,0.011219972744584084,32826
2.8089851573288227,1.3569389600206325,0.1015297275587129,0.2822725176811218,-0.0019634952768683434,-0.011219972744584084,32830
2.896086352570862,1.3658412601359928,0.10041895014216973,0.28907424211502075,-0.00589048583060503,-0.0336599200963974,32836
2.9548926317434585,1.3721949072151423,0.0999252713022854,0.2856733798980713,-0.003926990553736687,-0.022439945489168167,32840
3.0250790703385393,1.379892561626808,0.09951013210381027,0.29587599635124207,0.009817476384341717,0.022439945489168167,32845
3.073041938390301,1.3844999012419077,0.09859009427154372,0.2992768883705139,0.003926990553736687,0.022439945489168167,32848
3.1434700076822,1.3920866487373975,0.09876961380673088,0.30607864260673523,0.003926990553736687,-0.011219972744584084,32853
3.1907641013656263,1.3966834470464362,0.09838813471640867,0.3026777505874634,0.00589048583060503,0.0336599200963974,32856
3.2796549878021457,1.4053624312218411,0.09773737629050458,0.29587599635124207,-0.0019634952768683434,-0.011219972744584084,32862
3.3383671335560083,1.4114071190222701,0.0984330146519963,0.29587599635124207,0.0019634952768683434,0.011219972744584084,32866
3.4278052265558965,1.4205285399446332,0.09691831808420485,0.3026777505874634,-0.00589048583060503,-0.0336599200963974,32872
3.4876591641936185,1.426465521298666,0.09584120062866561,0.2992768883705139,0,0,32876
3.5890252227902883,1.4368659542756685,0.09532508157698097,0.3026777505874634,-0.00589048583060503,-0.0336599200963974,32883
3.6368002971337927,1.442370231965385,0.10708361460831088,0.30607864260673523,-0.003926990553736687,0.11219973117113113,32886
3.7254467964213442,1.4518053577682128,0.10795877276017217,0.2924751341342926,0.007853981107473373,0.011219972744584084,32892
3.785015549722384,1.4594520776585758,0.12945624424296293,0.3026777505874634,0.013744466938078403,0.31415924429893494,32896
3.8444701641693246,1.4677144906532087,0.1492594997401217,0.2992768883705139,-0.01178097166121006,-0.0336599200963974,32900
3.903313142090896,1.476700926937532,0.15038149713124854,0.31288036704063416,0.003926990553736687,0.022439945489168167,32904
3.991620174159449,1.4901853344730285,0.14970829868167126,0.3026777505874634,-0.00589048583060503,-0.0336599200963974,32910
4.063232722284089,1.5003618190020516,0.1490126603201795,0.3026777505874634,0.00589048583060503,0.0336599200963974,32915
4.1103304277258905,1.5072724927829182,0.1480477425504627,0.29587599635124207,-0.0019634952768683434,-0.011219972744584084,32918
4.181276348455043,1.5179486999821203,0.14896778034733898,0.31288036704063416,0.003926990553736687,0.022439945489168167,32923
4.240648192001112,1.5269177486558372,0.15049369677981805,0.31288036704063416,0,0,32927
4.317125292892225,1.5385010073587198,0.1499887979634874,0.28907424211502075,-0.0019634952768683434,-0.011219972744584084,32932
4.376062901066561,1.5471560841194918,0.15086395589741924,0.2924751341342926,-0.003926990553736687,-0.022439945489168167,32936
4.434989737626481,1.5562483746336284,0.1508415159482519,0.2992768883705139,0,0,32940
4.494102819845163,1.5652015304001519,0.15063955646389737,0.3026777505874634,0.00589048583060503,0.0336599200963974,32944
4.5828685010253745,1.578314111585208,0.15065077647573397,0.2992768883705139,-0.007853981107473373,-0.011219972744584084,32950
4.642293749385448,1.5872721528426597,0.1513576348118094,0.2992768883705139,0,0,32954
4.701161740272926,1.5960274583608332,0.15108835547809013,0.2924751341342926,-0.007853981107473373,-0.044879890978336334,32958
4.79007115190898,1.6097542316631344,0.1526591518889977,0.29587599635124207,0.0019634952768683434,-0.022439945489168167,32964
4.8490503682426755,1.618684112082904,0.152647931914414,0.2924751341342926,-0.003926990553736687,-0.022439945489168167,32968
4.921093375066253,1.628935118553035,0.1515708144234845,0.31288036704063416,-0.007853981107473373,0.022439945489168167,32973
4.9819070835221275,1.6378614961099265,0.153197710630942,0.3094795048236847,0.0019634952768683434,0.011219972744584084,32977
5.060659547097958,1.6499556522325303,0.1527713516776753,0.3026777505874634,0.0019634952768683434,0.011219972744584084,32982
5.121168030532135,1.6587581788795478,0.1487209410782711,0.2924751341342926,0.003926990553736687,-0.011219972744584084,32986
5.2129843343156,1.6710478143481609,0.11581275623963348,0.3094795048236847,0.00589048583060503,-0.1009797677397728,32992
5.273970335943005,1.6778585501197276,0.08845845964041449,0.30607864260673523,0.003926990553736687,-0.17951956391334534,32996
5.377738434258555,1.684457511354045,0.0429502438049697,0.3026777505874634,-0.00589048583060503,-0.2019595354795456,33003
5.426864686356105,1.6867102331961266,0.020263455098451164,0.2992768883705139,-0.007853981107473373,-0.17951956391334534,33006
5.4883586527976815,1.686486240100633,-0.00661960337228254,0.3026777505874634,0.0019634952768683434,-0.12341970205307007,33010
5.5496149198904945,1.685267852422014,-0.033154842576905416,0.31288036704063416,0.007853981107473373,-0.12341970950365067,33014
5.640442625684659,1.6795866842065288,-0.07631808340622055,0.2992768883705139,0.007853981107473373,-0.15707963705062866,33020
5.682938114059301,1.6752605382010815,-0.10255038300919349,0.3026777505874634,-0.00589048583060503,-0.1682995855808258,33023
